{
  "prettier.jsxSingleQuote": true,
  "window.zoomLevel": 1,
  "editor.wordWrap": "on",
  "editor.formatOnSave": true,
  // vscode默认启用了根据文件类型自动设置tabsize的选项
  "editor.detectIndentation": false,
  // 重新设定tabsize
  // 所有可自动修复的ESLint错误都将在保存时修复
  "editor.codeActionsOnSave": {
    "source.fixAll.eslint": true
  },
  "editor.tabSize": 2,
  "eslint.autoFixOnSave": true, // 每次保存的时候将代码按eslint格式进行修复
  "prettier.eslintIntegration": true, //让prettier使用eslint的代码格式进行校验
  "prettier.semi": false, //去掉代码结尾的分号
  "prettier.singleQuote": true, //使用单引号替代双引号
  "javascript.format.insertSpaceBeforeFunctionParenthesis": true, //让函数(名)和后面的括号之间加个空格
  "vetur.format.defaultFormatter.html": "js-beautify-html", //格式化.vue中html
  "vetur.format.defaultFormatter.js": "vscode-typescript", //让vue中的js按编辑器自带的ts格式进行格式化
  "vetur.format.defaultFormatterOptions": {
    "js-beautify-html": {
      "wrap_attributes": "force-aligned" //属性强制折行对齐
    }
  },
  "eslint.validate": [ //开启对.vue文件中错误的检查
    "javascript",
    "javascriptreact",
    {
      "language": "html",
      "autoFix": true
    },
    {
      "language": "vue",
      "autoFix": true
    }
  ],
  "search.exclude": {
    "**/node_modules": true,
    "**/bower_components": true,
    "**/dist": true
  },
  "window.title": "${dirty}${activeEditorMedium}${separator}${rootName}",
  "[javascript]": {
    "editor.defaultFormatter": "vscode.typescript-language-features"
  },
  "files.autoSave": "afterDelay",
  "vetur.validation.template": false,
  "editor.renderIndentGuides": false,
  "workbench.colorTheme": "Webstorm IntelliJ Darcula Theme",
  "[html]": {
    "editor.defaultFormatter": "HookyQR.beautify"
  },
  "[vue]": {
    "editor.defaultFormatter": "octref.vetur"
  },
}
// Specifies the location of snippets in the suggestion widget
// Controls whether format on paste is on or off